user_id,name
305344,Pat Carpenter
387418,Ignacio Norman
2439493,Timothy Martin
1664010,Tracey Mann
2118461,Ollie Wilkins
1639792,Madeline Phelps
1314869,Brandi Miles
1461435,Dustin Stevens
1932594,Jorge Simmons
2606799,Ana Roberson
2056022,Abraham Graham
1114324,Pedro Nelson
752642,Ernest Owen
491531,Nellie Robinson
1663888,Guillermo Craig
1403217,Simon Neal
727242,Angelo Haynes
1473980,Marian Lopez
716173,Ricky Moreno
798296,Pauline Castillo
1001129,Adrian Miller
1852040,Felix Fleming
507603,Douglas Kim
1792741,Bobby Marshall
2625420,Sophia Ray
303948,Colleen Garrett
2457095,Jodi Freeman
2143500,Joseph Mendoza
2147527,Vanessa Parks
16272,Krystal Howard
1299887,Jeremiah Perez
1037245,Terrence Garcia
1806515,Lynda Hines
322009,Santiago Pierce
2238060,Brent Vargas
1061195,Marguerite Barber
1710658,Jacquelyn Christensen
57633,George Anderson
1927580,Sam Hall
2237185,Craig Rose
794999,Minnie Roy
682963,Carl Butler
1673185,Julio Harris
1977959,Alberto Buchanan
525356,Jonathan Hopkins
2291306,Derrick Fisher
1784150,Eleanor Rodriquez
2083367,Jose Gutierrez
1298511,Ian Jordan
530789,Ellen Banks
786312,Mae Gill
1028463,Levi Hampton
2062350,Maggie Mills
504620,Ross Tyler
1227322,Kenny Hodges
1300759,Kirk Willis
1110156,Jacob Mendez
636262,Milton Rivera
1935793,Patty Ingram
1105029,Lindsay Hunter
184705,Brenda Gomez
789014,Linda Morgan
2256485,Josephine Adkins
2537543,Mable Waters
1612901,Dana Bell
1876520,Nichole Lloyd
1602153,Steven Fletcher
2040859,Sharon Warren
1272379,Janice Mullins
1902838,Mandy Meyer
952156,Paula Daniel
3321,Kendra Ortega
818752,Carroll Lawrence
862596,Orlando Ramos
1707198,Mildred Adams
2061495,Bryant Armstrong
319058,Louis Cook
2315012,Thelma Massey
1470123,Gregg Cross
2460347,Arlene Olson
447759,Wanda Elliott
1819462,Freddie Walters
1903324,Roberto Moore
1519378,Alfonso Wells
2176465,Naomi Hawkins
341649,Myra Figueroa
722591,Angel Brady
595778,Pete Delgado
238740,Patsy Graves
2102030,Darryl Shelton
1563935,Horace Silva
647979,Jo Strickland
555528,Marlon Walker
1984086,Dexter Jennings
2150746,Lucille Williams
2602249,Elijah Wise
769702,Raymond Owens
402266,Lillie Ellis
2297136,Alex Ramsey
147386,Gladys Austin
2327743,Shelia Young
71594,Isaac Wilkins
507094,Josh Roy
789969,Lydia Mcbride
1509395,Amelia Garcia
2485642,Tomas Oliver
1166912,Johnny Wells
1984315,Lawrence Mason
74441,Rex Snyder
1516350,Lucas Logan
1033930,Stephanie Armstrong
1029163,Kathy Martin
1431356,Elmer Hanson
397212,Kristi Schneider
1557557,Gene Singleton
2634967,Leah Davidson
1146000,Melba Green
1205174,Dennis Harrington
2584676,Henry Hall
1452127,Bob Jordan
2248080,Larry Wise
1233297,Luis Mendoza
235789,Marshall Huff
1777406,Katrina Brock
394895,Francis Clayton
743633,Alfonso Nelson
1559083,Sadie Larson
2119007,Yvonne Jimenez
2157060,Sylvia Carson
2220732,Rhonda Mccormick
316155,Forrest Edwards
844028,Gloria Carroll
411290,Hugh Mckenzie
958687,Anthony Aguilar
638020,Cory Rhodes
684876,Timmy Webb
929308,Louise Roberts
2255880,Preston Phillips
825353,Teresa Scott
166041,Santos Wong
1139570,Florence Carter
873713,Conrad Leonard
1317671,Joan Lopez
716874,Judith Banks
1257336,Desiree Perry
908205,Marianne Hernandez
157667,Cornelius Simon
2035299,Miriam Baldwin
2225743,Tina Walton
1268699,Doug Figueroa
2514777,Edgar Fields
518137,Andy Stewart
121182,Angelo Shaw
2284890,Marian Lindsey
49890,Antonio Goodwin